Cluster_1,Cluster_2,Cluster_3,Cluster_4,Cluster_5,Cluster_6,Cluster_7,Cluster_8,lat,long,coast,elev,pop
0.011,0.42,0.007,0.009,0.034,0.471,0.044,0.005,-5.664864,145.501591,0.321724565,177,4
0.048,0.066,0.008,0.006,0.281,0.55,0.04,0.002,-5.664864,145.501591,0.321724565,177,4
0.357,0.084,0.039,0.006,0.055,0.081,0.374,0.006,-5.664864,145.501591,0.321724565,177,4
0.057,0.069,0.835,0.004,0.008,0.013,0.011,0.004,-5.664864,145.501591,0.321724565,177,4
0.032,0.112,0.007,0.004,0.056,0.78,0.006,0.003,-5.664864,145.501591,0.321724565,177,4
0.016,0.599,0.064,0.003,0.033,0.269,0.012,0.004,-5.664864,145.501591,0.321724565,177,4
0.013,0.489,0.004,0.063,0.014,0.398,0.015,0.005,-5.664864,145.501591,0.321724565,177,4
0.696,0.076,0.024,0.003,0.033,0.143,0.014,0.011,-5.664864,145.501591,0.321724565,177,4
0.045,0.146,0.004,0.003,0.229,0.546,0.025,0.002,-5.664864,145.501591,0.321724565,177,4
0.01,0.176,0.02,0.01,0.232,0.518,0.006,0.027,-5.664864,145.501591,0.321724565,177,4
0.077,0.378,0.039,0.038,0.046,0.384,0.031,0.008,-5.664864,145.501591,0.321724565,177,4
0.005,0.017,0.005,0.002,0.004,0.942,0.004,0.02,-5.664864,145.501591,0.321724565,177,4
0.01,0.087,0.048,0.007,0.036,0.798,0.006,0.007,-5.664864,145.501591,0.321724565,177,4
0.055,0.068,0.834,0.004,0.01,0.013,0.012,0.004,-5.664864,145.501591,0.321724565,177,4
0.006,0.007,0.007,0.013,0.011,0.946,0.007,0.005,-5.664864,145.501591,0.321724565,177,4
0.013,0.069,0.006,0.012,0.79,0.101,0.007,0.002,-5.664864,145.501591,0.321724565,177,4
0.21,0.281,0.051,0.072,0.043,0.126,0.215,0.002,-5.664864,145.501591,0.321724565,177,4
0.045,0.183,0.05,0.016,0.524,0.137,0.038,0.008,-5.664864,145.501591,0.321724565,177,4
0.028,0.687,0.025,0.012,0.071,0.082,0.091,0.004,-5.664864,145.501591,0.321724565,177,4
0.012,0.027,0.026,0.053,0.834,0.026,0.02,0.003,-5.664864,145.501591,0.321724565,177,4
0.014,0.062,0.008,0.011,0.797,0.1,0.006,0.003,-5.664864,145.501591,0.321724565,177,4
0.085,0.509,0.009,0.061,0.179,0.145,0.011,0.003,-5.664864,145.501591,0.321724565,177,4
0.011,0.734,0.029,0.015,0.056,0.127,0.025,0.004,-5.664864,145.501591,0.321724565,177,4
0.037,0.533,0.006,0.002,0.135,0.251,0.031,0.004,-5.664864,145.501591,0.321724565,177,4
0.115,0.466,0.016,0.002,0.042,0.348,0.007,0.003,-5.664864,145.501591,0.321724565,177,4
0.037,0.575,0.013,0.017,0.055,0.288,0.01,0.005,-5.664864,145.501591,0.321724565,177,4
0.048,0.768,0.009,0.005,0.044,0.11,0.008,0.008,-5.664864,145.501591,0.321724565,177,4
0.019,0.023,0.01,0.006,0.221,0.014,0.643,0.065,-5.664864,145.501591,0.321724565,177,4
0.039,0.147,0.012,0.039,0.402,0.142,0.215,0.004,-5.664864,145.501591,0.321724565,177,4
0.021,0.198,0.052,0.005,0.598,0.108,0.011,0.008,-5.664864,145.501591,0.321724565,177,4
0.054,0.554,0.01,0.004,0.358,0.013,0.004,0.003,-5.664864,145.501591,0.321724565,177,4
0.011,0.414,0.035,0.011,0.055,0.458,0.009,0.006,-5.664864,145.501591,0.321724565,177,4
0.042,0.541,0.028,0.013,0.024,0.336,0.013,0.002,-5.664864,145.501591,0.321724565,177,4
0.043,0.548,0.049,0.006,0.033,0.305,0.014,0.002,-5.664864,145.501591,0.321724565,177,4
0.047,0.428,0.062,0.045,0.198,0.182,0.03,0.008,-5.664864,145.501591,0.321724565,177,4
0.013,0.263,0.028,0.002,0.17,0.241,0.278,0.005,-5.664864,145.501591,0.321724565,177,4
0.022,0.177,0.014,0.111,0.458,0.188,0.029,0.002,-5.664864,145.501591,0.321724565,177,4
0.043,0.486,0.016,0.1,0.278,0.05,0.008,0.018,-5.664864,145.501591,0.321724565,177,4
0.029,0.677,0.1,0.002,0.059,0.117,0.006,0.01,-5.664864,145.501591,0.321724565,177,4
0.083,0.695,0.042,0.006,0.065,0.093,0.008,0.007,-5.664864,145.501591,0.321724565,177,4
0.008,0.017,0.004,0.002,0.004,0.938,0.005,0.022,-5.664864,145.501591,0.321724565,177,4
0.041,0.028,0.008,0.002,0.858,0.053,0.008,0.003,-5.664864,145.501591,0.321724565,177,4
0.007,0.039,0.098,0.014,0.796,0.03,0.009,0.007,-5.664864,145.501591,0.321724565,177,4
0.054,0.274,0.153,0.018,0.034,0.087,0.377,0.003,-5.664864,145.501591,0.321724565,177,4
0.252,0.134,0.13,0.004,0.042,0.4,0.011,0.027,-5.664864,145.501591,0.321724565,177,4
0.359,0.325,0.093,0.003,0.014,0.16,0.044,0.002,-5.664864,145.501591,0.321724565,177,4
0.043,0.157,0.178,0.006,0.181,0.419,0.011,0.004,-5.664864,145.501591,0.321724565,177,4
0.045,0.598,0.191,0.007,0.12,0.018,0.016,0.006,-5.664864,145.501591,0.321724565,177,4
0.039,0.017,0.007,0.002,0.872,0.052,0.009,0.004,-5.664864,145.501591,0.321724565,177,4
0.031,0.502,0.024,0.089,0.267,0.063,0.006,0.017,-5.664864,145.501591,0.321724565,177,4
0.642,0.145,0.021,0.004,0.059,0.025,0.1,0.005,-10.1129,148.4591,0.086466993,32,5
0.053,0.181,0.031,0.011,0.194,0.462,0.063,0.006,-10.1129,148.4591,0.086466993,32,5
0.015,0.104,0.107,0.007,0.583,0.049,0.111,0.023,-5.664864,145.501591,0.321724565,177,4
0.038,0.743,0.008,0.019,0.032,0.141,0.017,0.001,-6.7965,145.89,1.047321117,1775,10
0.049,0.26,0.049,0.006,0.018,0.601,0.014,0.003,-5.664864,145.501591,0.321724565,177,4
0.713,0.031,0.008,0.005,0.01,0.204,0.027,0.002,-5.664864,145.501591,0.321724565,177,4
0.026,0.26,0.017,0.002,0.093,0.576,0.021,0.005,-5.664864,145.501591,0.321724565,177,4
0.088,0.658,0.043,0.02,0.061,0.113,0.013,0.003,-5.664864,145.501591,0.321724565,177,4
0.066,0.281,0.027,0.003,0.12,0.476,0.022,0.005,-5.664864,145.501591,0.321724565,177,4
0.013,0.83,0.009,0.015,0.044,0.068,0.019,0.002,-5.664864,145.501591,0.321724565,177,4
0.013,0.239,0.006,0.003,0.025,0.705,0.006,0.003,-5.664864,145.501591,0.321724565,177,4
0.019,0.111,0.064,0.005,0.023,0.765,0.009,0.002,-5.664864,145.501591,0.321724565,177,4
0.039,0.372,0.055,0.009,0.107,0.396,0.019,0.003,-5.7968,145.623,0.345764693,240,20
0.165,0.194,0.559,0.021,0.022,0.029,0.007,0.003,-5.7968,145.623,0.345764693,240,20
0.026,0.017,0.006,0.002,0.899,0.037,0.009,0.003,-5.6903,145.4801,0.354198687,150,4
0.03,0.083,0.013,0.132,0.598,0.116,0.017,0.01,-5.6903,145.4801,0.354198687,150,4
0.338,0.068,0.205,0.002,0.024,0.317,0.01,0.037,-5.6903,145.4801,0.354198687,150,4
0.075,0.552,0.013,0.007,0.311,0.034,0.005,0.004,-5.6903,145.4801,0.354198687,150,4
0.021,0.42,0.195,0.005,0.039,0.269,0.038,0.013,-5.6903,145.4801,0.354198687,150,4
0.014,0.304,0.22,0.007,0.08,0.34,0.026,0.009,-5.6903,145.4801,0.354198687,150,4
0.006,0.012,0.012,0.016,0.031,0.911,0.007,0.006,-5.6903,145.4801,0.354198687,150,4
0.006,0.009,0.008,0.01,0.01,0.946,0.006,0.004,-5.6903,145.4801,0.354198687,150,4
0.007,0.015,0.005,0.015,0.008,0.94,0.006,0.003,-5.6903,145.4801,0.354198687,150,4
0.041,0.518,0.007,0.002,0.129,0.261,0.037,0.004,-5.6903,145.4801,0.354198687,150,4
0.099,0.225,0.022,0.014,0.41,0.1,0.114,0.017,-5.6508,145.493,0.320717997,234,4
0.059,0.27,0.055,0.005,0.015,0.571,0.022,0.003,-5.6508,145.493,0.320717997,234,4
0.061,0.312,0.215,0.003,0.257,0.095,0.051,0.007,-5.6508,145.493,0.320717997,234,4
0.068,0.064,0.008,0.004,0.065,0.604,0.175,0.013,-5.6508,145.493,0.320717997,234,4
0.02,0.017,0.004,0.002,0.024,0.923,0.005,0.006,-5.6508,145.493,0.320717997,234,4
0.014,0.015,0.004,0.002,0.026,0.928,0.005,0.006,-5.6508,145.493,0.320717997,234,4
0.022,0.02,0.04,0.004,0.887,0.019,0.005,0.003,-4.2915,144.3712,0.314333806,15,2
0.531,0.267,0.012,0.005,0.124,0.05,0.008,0.003,-4.2915,144.3712,0.314333806,15,2
0.648,0.129,0.028,0.003,0.058,0.029,0.103,0.002,-3.52527,142.06547,0.440628499,381,8
0.01,0.635,0.007,0.004,0.182,0.146,0.013,0.003,-3.52527,142.06547,0.440628499,381,8
0.057,0.095,0.013,0.012,0.673,0.059,0.088,0.003,-3.52527,142.06547,0.440628499,381,8
0.01,0.303,0.008,0.06,0.243,0.333,0.007,0.036,-3.52527,142.06547,0.440628499,381,8
0.051,0.026,0.004,0.004,0.595,0.307,0.008,0.005,-3.52527,142.06547,0.440628499,381,8
0.015,0.105,0.049,0.02,0.746,0.047,0.01,0.008,-3.52527,142.06547,0.440628499,381,8
0.149,0.369,0.015,0.016,0.04,0.399,0.009,0.003,-3.52527,142.06547,0.440628499,381,8
0.058,0.216,0.026,0.008,0.2,0.472,0.017,0.003,-3.52527,142.06547,0.440628499,381,8
0.01,0.28,0.045,0.003,0.04,0.604,0.009,0.01,-3.52527,142.06547,0.440628499,381,8
0.013,0.545,0.01,0.004,0.057,0.362,0.005,0.005,-3.52527,142.06547,0.440628499,381,8
0.133,0.276,0.027,0.013,0.178,0.201,0.165,0.008,-3.52527,142.06547,0.440628499,381,8
0.123,0.229,0.014,0.002,0.224,0.23,0.172,0.005,-3.65809,143.49685,0.149547413,296,11
0.05,0.641,0.012,0.007,0.175,0.084,0.027,0.004,-3.2026,142.2037,0.094179371,86,8
0.021,0.069,0.036,0.004,0.312,0.276,0.276,0.006,-3.2026,142.2037,0.094179371,86,8
0.03,0.303,0.024,0.037,0.518,0.031,0.052,0.006,-3.2026,142.2037,0.094179371,86,8
0.014,0.017,0.007,0.003,0.924,0.009,0.012,0.014,-3.2026,142.2037,0.094179371,86,8
0.132,0.216,0.024,0.02,0.427,0.129,0.048,0.003,-3.2026,142.2037,0.094179371,86,8
0.028,0.306,0.008,0.045,0.546,0.044,0.018,0.005,-3.2026,142.2037,0.094179371,86,8
0.005,0.03,0.006,0.003,0.882,0.057,0.012,0.005,-3.2026,142.2037,0.094179371,86,8
0.197,0.34,0.141,0.013,0.029,0.112,0.057,0.113,-3.2026,142.2037,0.094179371,86,8
0.022,0.277,0.011,0.01,0.314,0.353,0.01,0.003,-3.2026,142.2037,0.094179371,86,8
0.016,0.03,0.072,0.052,0.771,0.043,0.012,0.005,-3.2026,142.2037,0.094179371,86,8
0.085,0.105,0.056,0.002,0.663,0.044,0.037,0.009,-3.2026,142.2037,0.094179371,86,8
0.01,0.222,0.068,0.004,0.075,0.583,0.037,0.002,-3.2026,142.2037,0.094179371,86,8
0.026,0.027,0.051,0.003,0.863,0.017,0.01,0.004,-3.2026,142.2037,0.094179371,86,8
0.072,0.347,0.027,0.01,0.104,0.289,0.149,0.002,-3.2026,142.2037,0.094179371,86,8
0.007,0.062,0.029,0.007,0.781,0.103,0.008,0.002,-3.58067,142.47216,0.351300709,302,12
0.044,0.274,0.068,0.067,0.455,0.069,0.005,0.016,-3.578545,142.76672,0.267685813,322,3
0.009,0.008,0.01,0.003,0.956,0.005,0.005,0.004,-3.578545,142.76672,0.267685813,322,3
0.102,0.033,0.007,0.003,0.803,0.031,0.018,0.003,-3.578545,142.76672,0.267685813,322,3
0.176,0.327,0.1,0.019,0.062,0.135,0.126,0.054,-3.578545,142.76672,0.267685813,322,3
0.064,0.142,0.474,0.003,0.26,0.031,0.023,0.003,-3.578545,142.76672,0.267685813,322,3
0.009,0.4,0.024,0.006,0.468,0.065,0.025,0.002,-3.578545,142.76672,0.267685813,322,3
0.012,0.057,0.007,0.007,0.81,0.091,0.013,0.004,-3.578545,142.76672,0.267685813,322,3
0.181,0.42,0.01,0.06,0.09,0.209,0.026,0.003,-3.578545,142.76672,0.267685813,322,3
0.117,0.465,0.011,0.065,0.065,0.248,0.026,0.003,-3.578545,142.76672,0.267685813,322,3
0.009,0.145,0.023,0.002,0.145,0.666,0.008,0.002,-3.578545,142.76672,0.267685813,322,3
0.012,0.482,0.011,0.004,0.012,0.465,0.012,0.002,-3.578545,142.76672,0.267685813,322,3
0.005,0.015,0.009,0.001,0.94,0.009,0.017,0.003,-3.578545,142.76672,0.267685813,322,3
0.085,0.031,0.016,0.005,0.286,0.553,0.011,0.013,-3.578545,142.76672,0.267685813,322,3
0.021,0.028,0.033,0.003,0.898,0.008,0.006,0.004,-3.578545,142.76672,0.267685813,322,3
0.016,0.748,0.005,0.003,0.148,0.071,0.007,0.002,-3.578545,142.76672,0.267685813,322,3
0.109,0.061,0.005,0.002,0.492,0.282,0.044,0.004,-3.578545,142.76672,0.267685813,322,3
0.02,0.068,0.03,0.013,0.289,0.568,0.005,0.009,-3.578545,142.76672,0.267685813,322,3
0.012,0.121,0.009,0.009,0.787,0.05,0.009,0.003,-3.578545,142.76672,0.267685813,322,3
0.012,0.011,0.008,0.003,0.949,0.006,0.006,0.005,-3.578545,142.76672,0.267685813,322,3
0.007,0.012,0.006,0.003,0.953,0.012,0.005,0.002,-3.578545,142.76672,0.267685813,322,3
0.004,0.048,0.027,0.021,0.749,0.078,0.069,0.004,-3.578545,142.76672,0.267685813,322,3
0.008,0.588,0.011,0.002,0.032,0.298,0.006,0.054,-3.578545,142.76672,0.267685813,322,3
0.021,0.027,0.008,0.003,0.839,0.085,0.013,0.005,-3.578545,142.76672,0.267685813,322,3
0.07,0.284,0.037,0.014,0.281,0.291,0.017,0.007,-3.578545,142.76672,0.267685813,322,3
0.025,0.51,0.027,0.007,0.008,0.408,0.007,0.008,-3.578545,142.76672,0.267685813,322,3
0.008,0.299,0.01,0.003,0.076,0.592,0.007,0.005,-3.578545,142.76672,0.267685813,322,3
0.006,0.007,0.005,0.002,0.969,0.005,0.005,0.002,-3.578545,142.76672,0.267685813,322,3
0.074,0.433,0.015,0.007,0.313,0.141,0.015,0.003,-3.578545,142.76672,0.267685813,322,3
0.025,0.227,0.04,0.007,0.673,0.017,0.007,0.005,-3.578545,142.76672,0.267685813,322,3
0.019,0.432,0.018,0.017,0.047,0.456,0.005,0.006,-3.578545,142.76672,0.267685813,322,3
0.007,0.032,0.013,0.002,0.911,0.012,0.017,0.006,-3.578545,142.76672,0.267685813,322,3
0.007,0.496,0.011,0.007,0.016,0.45,0.011,0.003,-3.578545,142.76672,0.267685813,322,3
0.011,0.023,0.01,0.003,0.928,0.015,0.005,0.006,-3.578545,142.76672,0.267685813,322,3
0.333,0.244,0.011,0.007,0.271,0.088,0.042,0.004,-3.578545,142.76672,0.267685813,322,3
0.053,0.185,0.023,0.071,0.519,0.097,0.047,0.005,-3.578545,142.76672,0.267685813,322,3
0.221,0.496,0.048,0.017,0.086,0.098,0.006,0.028,-3.578545,142.76672,0.267685813,322,3
0.013,0.507,0.011,0.005,0.014,0.438,0.009,0.002,-3.578545,142.76672,0.267685813,322,3
0.008,0.018,0.004,0.008,0.045,0.908,0.004,0.006,-3.578545,142.76672,0.267685813,322,3
0.005,0.04,0.019,0.027,0.763,0.061,0.083,0.003,-3.578545,142.76672,0.267685813,322,3
0.044,0.062,0.014,0.003,0.848,0.019,0.006,0.004,-3.578545,142.76672,0.267685813,322,3
0.073,0.254,0.008,0.009,0.518,0.097,0.039,0.003,-3.578545,142.76672,0.267685813,322,3
0.006,0.052,0.014,0.01,0.017,0.869,0.026,0.007,-3.578545,142.76672,0.267685813,322,3
0.011,0.388,0.033,0.013,0.381,0.154,0.007,0.014,-3.578545,142.76672,0.267685813,322,3
0.01,0.012,0.017,0.025,0.891,0.011,0.03,0.004,-3.578545,142.76672,0.267685813,322,3
0.018,0.272,0.071,0.008,0.032,0.516,0.023,0.059,-3.578545,142.76672,0.267685813,322,3
0.025,0.027,0.017,0.01,0.895,0.015,0.005,0.007,-3.578545,142.76672,0.267685813,322,3
0.009,0.009,0.006,0.006,0.946,0.012,0.009,0.004,-3.578545,142.76672,0.267685813,322,3
0.143,0.323,0.03,0.011,0.455,0.027,0.009,0.002,-3.578545,142.76672,0.267685813,322,3
0.009,0.034,0.009,0.115,0.471,0.352,0.006,0.005,-3.578545,142.76672,0.267685813,322,3
0.089,0.161,0.449,0.006,0.037,0.165,0.085,0.007,-3.578545,142.76672,0.267685813,322,3
0.014,0.031,0.007,0.003,0.845,0.082,0.013,0.005,-3.578545,142.76672,0.267685813,322,3
0.042,0.519,0.012,0.001,0.387,0.01,0.027,0.002,-3.578545,142.76672,0.267685813,322,3
0.038,0.028,0.008,0.002,0.611,0.26,0.007,0.045,-3.578545,142.76672,0.267685813,322,3
0.007,0.028,0.013,0.003,0.914,0.019,0.01,0.005,-3.578545,142.76672,0.267685813,322,3
0.01,0.028,0.006,0.004,0.662,0.276,0.01,0.003,-3.578545,142.76672,0.267685813,322,3
0.009,0.014,0.011,0.002,0.948,0.006,0.007,0.003,-3.578545,142.76672,0.267685813,322,3
0.392,0.115,0.012,0.011,0.345,0.1,0.013,0.01,-5.23428,145.61188,0.160205272,80,27
0.924,0.016,0.021,0.002,0.014,0.01,0.009,0.004,-4.1967,144.8982,0.000537397,16,25
0.045,0.525,0.031,0.005,0.057,0.3,0.027,0.011,-4.1967,144.8982,0.000537397,16,25
0.013,0.774,0.027,0.004,0.12,0.043,0.007,0.011,-4.1967,144.8982,0.000537397,16,25
0.014,0.163,0.028,0.002,0.265,0.512,0.011,0.006,-4.1967,144.8982,0.000537397,16,25
0.007,0.212,0.003,0.008,0.186,0.568,0.007,0.008,-4.1967,144.8982,0.000537397,16,25
0.046,0.053,0.007,0.004,0.126,0.712,0.01,0.042,-4.1967,144.8982,0.000537397,16,25
0.737,0.072,0.089,0.002,0.03,0.036,0.025,0.01,-4.1967,144.8982,0.000537397,16,25
0.042,0.569,0.015,0.002,0.113,0.244,0.011,0.004,-4.1967,144.8982,0.000537397,16,25
0.037,0.329,0.11,0.002,0.119,0.184,0.217,0.003,-4.1967,144.8982,0.000537397,16,25
0.026,0.869,0.005,0.003,0.055,0.025,0.013,0.005,-4.1967,144.8982,0.000537397,16,25
0.021,0.814,0.035,0.004,0.021,0.091,0.007,0.008,-4.1967,144.8982,0.000537397,16,25
0.052,0.612,0.009,0.008,0.034,0.275,0.007,0.002,-4.1967,144.8982,0.000537397,16,25
0.047,0.773,0.012,0.006,0.096,0.054,0.008,0.003,-4.1967,144.8982,0.000537397,16,25
0.284,0.535,0.048,0.003,0.072,0.028,0.011,0.019,-4.1967,144.8982,0.000537397,16,25
0.014,0.414,0.027,0.003,0.439,0.048,0.009,0.047,-4.1967,144.8982,0.000537397,16,25
0.085,0.111,0.075,0.002,0.026,0.685,0.008,0.007,-4.1967,144.8982,0.000537397,16,25
0.131,0.197,0.049,0.002,0.101,0.392,0.105,0.023,-4.1967,144.8982,0.000537397,16,25
0.464,0.154,0.028,0.003,0.092,0.243,0.01,0.007,-4.1967,144.8982,0.000537397,16,25
0.013,0.489,0.01,0.003,0.012,0.343,0.053,0.078,-4.1967,144.8982,0.000537397,16,25
0.013,0.165,0.044,0.107,0.04,0.615,0.008,0.006,-4.1967,144.8982,0.000537397,16,25
0.045,0.312,0.454,0.008,0.034,0.112,0.033,0.002,-4.1967,144.8982,0.000537397,16,25
0.047,0.422,0.017,0.001,0.072,0.413,0.023,0.005,-4.1967,144.8982,0.000537397,16,25
0.031,0.721,0.011,0.008,0.074,0.144,0.005,0.007,-4.1967,144.8982,0.000537397,16,25
0.057,0.577,0.007,0.005,0.016,0.33,0.007,0.002,-4.1967,144.8982,0.000537397,16,25
0.062,0.465,0.011,0.006,0.136,0.299,0.012,0.007,-4.1967,144.8982,0.000537397,16,25
0.077,0.784,0.012,0.002,0.086,0.017,0.015,0.006,-4.1967,144.8982,0.000537397,16,25
0.893,0.037,0.025,0.002,0.016,0.014,0.008,0.005,-4.1967,144.8982,0.000537397,16,25
0.015,0.143,0.042,0.013,0.11,0.664,0.009,0.004,-4.1967,144.8982,0.000537397,16,25
0.036,0.157,0.027,0.008,0.017,0.551,0.147,0.056,-4.1967,144.8982,0.000537397,16,25
0.925,0.022,0.015,0.002,0.014,0.01,0.009,0.003,-4.1967,144.8982,0.000537397,16,25
0.587,0.124,0.116,0.029,0.057,0.044,0.03,0.013,-4.1967,144.8982,0.000537397,16,25
0.023,0.693,0.012,0.004,0.053,0.13,0.078,0.007,-4.1967,144.8982,0.000537397,16,25
0.034,0.557,0.024,0.002,0.163,0.199,0.011,0.009,-4.4197,144.9137,0.130290256,217,10
0.027,0.226,0.034,0.004,0.371,0.227,0.107,0.004,-6.223,146.201,0.629968898,376,17
0.037,0.439,0.043,0.023,0.073,0.318,0.018,0.049,-6.3472,146.4533,0.598461424,632,7
0.072,0.56,0.028,0.001,0.294,0.026,0.014,0.005,-6.3472,146.4533,0.598461424,632,7
0.044,0.245,0.088,0.004,0.109,0.493,0.013,0.003,-7.0669,146.4912,0.467261443,913,7
0.032,0.101,0.806,0.002,0.009,0.039,0.005,0.004,-7.0669,146.4912,0.467261443,913,7
0.015,0.05,0.013,0.004,0.795,0.114,0.005,0.004,-7.0669,146.4912,0.467261443,913,7
0.039,0.145,0.012,0.028,0.064,0.705,0.004,0.002,-7.0669,146.4912,0.467261443,913,7
0.822,0.059,0.019,0.005,0.019,0.03,0.034,0.013,-7.0669,146.4912,0.467261443,913,7
0.053,0.221,0.048,0.012,0.174,0.473,0.015,0.004,-7.0669,146.4912,0.467261443,913,7
0.037,0.068,0.012,0.002,0.257,0.534,0.075,0.014,-7.0669,146.4912,0.467261443,913,7
0.46,0.3,0.073,0.002,0.009,0.031,0.121,0.004,-7.0669,146.4912,0.467261443,913,7
0.009,0.542,0.013,0.004,0.111,0.311,0.007,0.003,-7.0669,146.4912,0.467261443,913,7
0.101,0.134,0.063,0.006,0.053,0.151,0.488,0.005,-7.0669,146.4912,0.467261443,913,7
0.344,0.242,0.083,0.006,0.044,0.232,0.009,0.04,-7.0669,146.4912,0.467261443,913,7
0.607,0.075,0.024,0.005,0.03,0.242,0.011,0.005,-6.9458,146.7274,0.219425496,1548,12
0.08,0.48,0.103,0.003,0.032,0.221,0.069,0.011,-6.9458,146.7274,0.219425496,1548,12
0.252,0.385,0.286,0.002,0.026,0.029,0.015,0.005,-6.9458,146.7274,0.219425496,1548,12
0.115,0.197,0.048,0.024,0.199,0.133,0.237,0.047,-6.9458,146.7274,0.219425496,1548,12
0.013,0.095,0.049,0.002,0.006,0.808,0.022,0.004,-6.9458,146.7274,0.219425496,1548,12
0.206,0.362,0.045,0.029,0.011,0.34,0.003,0.004,-6.8422,146.6196,0.325804284,835,6
0.951,0.01,0.01,0.002,0.009,0.005,0.009,0.004,-6.8422,146.6196,0.325804284,835,6
0.875,0.037,0.02,0.002,0.021,0.012,0.03,0.003,-6.8422,146.6196,0.325804284,835,6
0.175,0.251,0.026,0.002,0.058,0.183,0.298,0.006,-6.8422,146.6196,0.325804284,835,6
0.289,0.285,0.016,0.007,0.01,0.386,0.003,0.004,-6.8422,146.6196,0.325804284,835,6
0.721,0.087,0.102,0.002,0.015,0.062,0.006,0.007,-6.8422,146.6196,0.325804284,835,6
0.324,0.312,0.024,0.004,0.062,0.265,0.004,0.006,-6.8422,146.6196,0.325804284,835,6
0.162,0.208,0.044,0.058,0.037,0.404,0.082,0.004,-6.0246,147.5077,0.001248453,104,19
0.03,0.202,0.006,0.003,0.04,0.702,0.012,0.005,-6.8422,146.6196,0.325804284,835,6
0.027,0.011,0.01,0.002,0.007,0.014,0.927,0.002,-6.2661,147.7076,0.000501456,350,20
0.29,0.049,0.062,0.01,0.058,0.395,0.06,0.076,-6.2661,147.7076,0.000501456,350,20
0.031,0.555,0.097,0.012,0.096,0.152,0.051,0.007,-6.2661,147.7076,0.000501456,350,20
0.056,0.036,0.005,0.004,0.05,0.837,0.009,0.003,-6.2661,147.7076,0.000501456,350,20
0.879,0.037,0.013,0.009,0.009,0.025,0.025,0.004,-6.2661,147.7076,0.000501456,350,20
0.024,0.009,0.007,0.002,0.006,0.006,0.944,0.002,-6.2661,147.7076,0.000501456,350,20
0.025,0.011,0.01,0.002,0.007,0.013,0.93,0.002,-6.2661,147.7076,0.000501456,350,20
0.235,0.348,0.207,0.002,0.051,0.116,0.034,0.007,-6.9458,146.7274,0.219425496,1548,12
0.218,0.416,0.121,0.003,0.079,0.098,0.058,0.007,-6.2661,147.7076,0.000501456,350,20
0.026,0.01,0.009,0.002,0.007,0.007,0.937,0.002,-6.2661,147.7076,0.000501456,350,20
0.018,0.905,0.013,0.003,0.01,0.031,0.017,0.002,-6.2661,147.7076,0.000501456,350,20
0.031,0.8,0.019,0.001,0.087,0.039,0.015,0.008,-6.5899,147.8223,0.001804911,118,31
0.035,0.225,0.449,0.007,0.093,0.123,0.064,0.005,-6.5899,147.8223,0.001804911,118,31
0.025,0.527,0.022,0.002,0.183,0.232,0.005,0.003,-6.5899,147.8223,0.001804911,118,31
0.02,0.105,0.513,0.007,0.007,0.135,0.016,0.198,-6.5899,147.8223,0.001804911,118,31
0.001,0.001,0.001,0.001,0.001,0.001,0.001,0.994,-6.5899,147.8223,0.001804911,118,31
0.926,0.015,0.016,0.004,0.014,0.011,0.011,0.002,-6.5899,147.8223,0.001804911,118,31
0.001,0.001,0.001,0.001,0.001,0.001,0.001,0.994,-6.5899,147.8223,0.001804911,118,31
0.013,0.026,0.482,0.003,0.006,0.021,0.01,0.44,-6.5899,147.8223,0.001804911,118,31
0.017,0.137,0.602,0.003,0.011,0.179,0.017,0.034,-6.5899,147.8223,0.001804911,118,31
0.048,0.024,0.2,0.001,0.018,0.027,0.025,0.656,-6.5899,147.8223,0.001804911,118,31
0.001,0.001,0.001,0.001,0.001,0.001,0.001,0.994,-6.5899,147.8223,0.001804911,118,31
0.021,0.147,0.577,0.004,0.011,0.186,0.02,0.034,-6.5899,147.8223,0.001804911,118,31
0.021,0.038,0.013,0.02,0.015,0.013,0.106,0.776,-6.5899,147.8223,0.001804911,118,31
0.408,0.019,0.068,0.004,0.042,0.159,0.295,0.005,-6.5899,147.8223,0.001804911,118,31
0.008,0.007,0.009,0.019,0.004,0.011,0.006,0.936,-6.5899,147.8223,0.001804911,118,31
0.008,0.924,0.005,0.002,0.034,0.012,0.008,0.008,-6.6304,147.8611,0.001110229,24,33
0.008,0.888,0.008,0.002,0.059,0.019,0.011,0.006,-6.6304,147.8611,0.001110229,24,33
0.023,0.878,0.02,0.002,0.013,0.042,0.018,0.003,-6.5861,147.8072,0.009420071,186,31
0.927,0.005,0.018,0.006,0.006,0.008,0.029,0.002,-6.5861,147.8072,0.009420071,186,31
0.943,0.011,0.005,0.004,0.009,0.012,0.013,0.002,-6.5861,147.8072,0.009420071,186,31
0.018,0.091,0.01,0.003,0.743,0.027,0.103,0.005,-6.5861,147.8072,0.009420071,186,31
0.087,0.262,0.043,0.003,0.056,0.528,0.016,0.006,-6.5861,147.8072,0.009420071,186,31
0.03,0.766,0.021,0.003,0.088,0.07,0.019,0.004,-6.5861,147.8072,0.009420071,186,31
0.062,0.301,0.014,0.002,0.026,0.543,0.013,0.04,-6.5861,147.8072,0.009420071,186,31
0.066,0.068,0.016,0.047,0.015,0.15,0.633,0.007,-6.5861,147.8072,0.009420071,186,31
0.012,0.54,0.012,0.004,0.032,0.378,0.016,0.006,-5.664864,145.501591,0.321724565,177,4
0.007,0.005,0.005,0.001,0.002,0.004,0.971,0.003,-10.5639,150.7522,0.000113395,11,10
0.111,0.668,0.017,0.003,0.041,0.113,0.019,0.026,-3.9281,144.0686,0.094548305,78,2
0.017,0.564,0.018,0.01,0.102,0.262,0.023,0.004,-3.9281,144.0686,0.094548305,78,2
0.35,0.471,0.007,0.019,0.041,0.089,0.019,0.004,-6.5861,147.8072,0.009420071,186,31
0.966,0.006,0.004,0.003,0.007,0.005,0.004,0.004,-2.0285,147.1688,0.030884033,83,12
0.969,0.005,0.005,0.002,0.004,0.005,0.004,0.005,-2.0285,147.1688,0.030884033,83,12
0.969,0.004,0.005,0.002,0.005,0.007,0.004,0.004,-2.0285,147.1688,0.030884033,83,12
0.968,0.005,0.007,0.002,0.005,0.006,0.004,0.004,-2.0285,147.1688,0.030884033,83,12
0.96,0.008,0.005,0.004,0.01,0.006,0.004,0.003,-2.0285,147.1688,0.030884033,83,12
0.548,0.206,0.027,0.007,0.138,0.051,0.014,0.01,-2.0285,147.1688,0.030884033,83,12
0.073,0.431,0.171,0.004,0.018,0.281,0.016,0.006,-2.0285,147.1688,0.030884033,83,12
0.962,0.006,0.004,0.004,0.009,0.007,0.005,0.003,-2.0285,147.1688,0.030884033,83,12
0.969,0.005,0.005,0.003,0.005,0.005,0.004,0.004,-2.0285,147.1688,0.030884033,83,12
0.966,0.005,0.004,0.004,0.007,0.006,0.005,0.003,-2.0285,147.1688,0.030884033,83,12
0.02,0.884,0.006,0.004,0.032,0.027,0.022,0.005,-2.0701,147.2553,0.018598001,76,12
0.014,0.849,0.005,0.01,0.048,0.04,0.021,0.013,-2.0701,147.2553,0.018598001,76,12
0.013,0.89,0.006,0.004,0.03,0.031,0.021,0.005,-2.0701,147.2553,0.018598001,76,12
0.088,0.437,0.067,0.003,0.079,0.148,0.176,0.002,-2.666,150.6395,0.003063222,16,7
0.008,0.009,0.957,0.007,0.006,0.006,0.006,0.002,-2.666,150.6395,0.003063222,16,7
0.007,0.009,0.949,0.008,0.009,0.009,0.005,0.004,-2.666,150.6395,0.003063222,16,7
0.024,0.013,0.919,0.002,0.009,0.021,0.009,0.003,-2.666,150.6395,0.003063222,16,7
0.118,0.031,0.725,0.002,0.012,0.086,0.015,0.011,-2.666,150.6395,0.003063222,16,7
0.346,0.151,0.063,0.036,0.019,0.062,0.318,0.004,-2.666,150.6395,0.003063222,16,7
0.288,0.286,0.234,0.01,0.017,0.036,0.128,0.002,-2.666,150.6395,0.003063222,16,7
0.008,0.008,0.943,0.007,0.01,0.013,0.007,0.004,-2.666,150.6395,0.003063222,16,7
0.276,0.121,0.105,0.005,0.046,0.421,0.013,0.012,-2.666,150.6395,0.003063222,16,7
0.006,0.007,0.951,0.007,0.009,0.01,0.006,0.004,-2.666,150.6395,0.003063222,16,7
0.039,0.036,0.033,0.002,0.028,0.794,0.006,0.064,-2.666,150.6395,0.003063222,16,7
0.036,0.067,0.115,0.013,0.02,0.018,0.725,0.006,-2.666,150.6395,0.003063222,16,7
0.068,0.048,0.464,0.017,0.139,0.106,0.149,0.009,-2.666,150.6395,0.003063222,16,7
0.01,0.008,0.937,0.005,0.003,0.004,0.021,0.011,-2.829,151.0638,0.010248778,119,13
0.036,0.234,0.634,0.004,0.04,0.039,0.01,0.003,-2.829,151.0638,0.010248778,119,13
0.018,0.009,0.81,0.003,0.004,0.007,0.14,0.007,-2.829,151.0638,0.010248778,119,13
0.055,0.274,0.429,0.006,0.038,0.1,0.089,0.009,-2.829,151.0638,0.010248778,119,13
0.042,0.056,0.741,0.005,0.014,0.01,0.127,0.006,-2.829,151.0638,0.010248778,119,13
0.025,0.185,0.451,0.002,0.009,0.31,0.014,0.004,-3.9813,152.8546,0.0000584,164,10
0.065,0.03,0.03,0.006,0.007,0.791,0.057,0.015,-3.9813,152.8546,0.0000584,164,10
0.005,0.004,0.961,0.009,0.007,0.007,0.004,0.004,-3.9813,152.8546,0.0000584,164,10
0.807,0.074,0.028,0.002,0.012,0.011,0.015,0.052,-3.9813,152.8546,0.0000584,164,10
0.009,0.027,0.013,0.001,0.013,0.033,0.9,0.003,-3.9813,152.8546,0.0000584,164,10
0.747,0.035,0.067,0.004,0.016,0.049,0.077,0.006,-3.9813,152.8546,0.0000584,164,10
0.011,0.084,0.072,0.002,0.018,0.057,0.75,0.005,-3.9813,152.8546,0.0000584,164,10
0.008,0.009,0.955,0.006,0.005,0.009,0.007,0.003,-3.9813,152.8546,0.0000584,164,10
0.007,0.01,0.012,0.001,0.01,0.011,0.947,0.003,-3.9813,152.8546,0.0000584,164,10
0.005,0.007,0.936,0.004,0.004,0.005,0.038,0.002,-3.9813,152.8546,0.0000584,164,10
0.281,0.096,0.183,0.002,0.01,0.307,0.114,0.006,-3.9813,152.8546,0.0000584,164,10
0.008,0.012,0.02,0.002,0.006,0.023,0.928,0.002,-3.9813,152.8546,0.0000584,164,10
0.005,0.004,0.954,0.015,0.004,0.005,0.01,0.003,-3.9813,152.8546,0.0000584,164,10
0.005,0.014,0.013,0.001,0.007,0.01,0.946,0.004,-3.9813,152.8546,0.0000584,164,10
0.005,0.008,0.95,0.007,0.007,0.011,0.006,0.006,-3.9813,152.8546,0.0000584,164,10
0.023,0.054,0.311,0.007,0.278,0.298,0.026,0.004,-3.9813,152.8546,0.0000584,164,10
0.025,0.147,0.087,0.003,0.684,0.034,0.011,0.009,-3.9281,144.0686,0.094548305,78,2
0.048,0.489,0.047,0.008,0.022,0.299,0.086,0.002,-2.0701,147.2553,0.018598001,76,12
0.028,0.484,0.048,0.007,0.024,0.339,0.068,0.002,-2.0701,147.2553,0.018598001,76,12
0.013,0.016,0.931,0.003,0.006,0.016,0.012,0.003,-3.9813,152.8546,0.0000584,164,10
0.029,0.156,0.503,0.011,0.097,0.071,0.129,0.004,-3.9813,152.8546,0.0000584,164,10
0.1,0.051,0.284,0.007,0.01,0.234,0.277,0.037,-3.9813,152.8546,0.0000584,164,10
0.011,0.015,0.93,0.002,0.006,0.014,0.018,0.004,-3.9813,152.8546,0.0000584,164,10
0.643,0.02,0.037,0.005,0.021,0.011,0.234,0.029,-3.9813,152.8546,0.0000584,164,10
0.023,0.011,0.821,0.006,0.008,0.018,0.013,0.099,-3.9813,152.8546,0.0000584,164,10
0.878,0.013,0.033,0.011,0.007,0.009,0.038,0.011,-3.9813,152.8546,0.0000584,164,10
0.006,0.008,0.01,0.002,0.005,0.02,0.944,0.004,-3.9813,152.8546,0.0000584,164,10
0.594,0.11,0.137,0.005,0.046,0.06,0.012,0.036,-3.9813,152.8546,0.0000584,164,10
0.087,0.301,0.342,0.005,0.175,0.059,0.029,0.002,-3.9813,152.8546,0.0000584,164,10
0.014,0.031,0.897,0.002,0.006,0.033,0.014,0.004,-3.9813,152.8546,0.0000584,164,10
0.427,0.021,0.433,0.016,0.008,0.019,0.051,0.025,-3.9813,152.8546,0.0000584,164,10
0.671,0.035,0.091,0.016,0.019,0.099,0.039,0.031,-3.9813,152.8546,0.0000584,164,10
0.007,0.006,0.934,0.016,0.007,0.013,0.006,0.012,-3.9813,152.8546,0.0000584,164,10
0.003,0.003,0.967,0.009,0.004,0.005,0.004,0.004,-3.9813,152.8546,0.0000584,164,10
0.056,0.073,0.494,0.051,0.017,0.03,0.276,0.003,-3.0966,152.5292,0.005760075,157,10
0.01,0.011,0.014,0.003,0.008,0.011,0.94,0.003,-3.0966,152.5292,0.005760075,157,10
0.049,0.374,0.479,0.006,0.02,0.031,0.039,0.003,-3.0966,152.5292,0.005760075,157,10
0.094,0.108,0.637,0.013,0.033,0.052,0.061,0.003,-3.0966,152.5292,0.005760075,157,10
0.127,0.026,0.759,0.004,0.031,0.026,0.019,0.007,-3.0966,152.5292,0.005760075,157,10
0.493,0.053,0.244,0.006,0.017,0.052,0.131,0.004,-4.4064,152.3455,0.013214377,100,78
0.554,0.124,0.113,0.008,0.022,0.147,0.017,0.015,-4.4064,152.3455,0.013214377,100,78
0.078,0.024,0.584,0.005,0.007,0.034,0.231,0.038,-4.4064,152.3455,0.013214377,100,78
0.012,0.007,0.013,0.003,0.004,0.009,0.948,0.004,-4.4562,152.3073,0.033124019,124,78
0.293,0.052,0.269,0.011,0.012,0.046,0.291,0.025,-4.4562,152.3073,0.033124019,124,78
0.009,0.008,0.011,0.004,0.005,0.007,0.953,0.002,-4.4562,152.3073,0.033124019,124,78
0.631,0.063,0.024,0.003,0.009,0.014,0.253,0.003,-4.4562,152.3073,0.033124019,124,78
0.082,0.191,0.316,0.006,0.353,0.033,0.014,0.004,-4.4562,152.3073,0.033124019,124,78
0.617,0.061,0.023,0.002,0.008,0.015,0.269,0.004,-4.4562,152.3073,0.033124019,124,78
0.012,0.006,0.011,0.003,0.004,0.006,0.957,0.001,-4.4562,152.3073,0.033124019,124,78
0.029,0.027,0.017,0.003,0.027,0.029,0.853,0.016,-3.0966,152.5292,0.005760075,157,10
0.34,0.036,0.071,0.058,0.022,0.021,0.385,0.067,-3.0966,152.5292,0.005760075,157,10
0.551,0.031,0.254,0.002,0.004,0.012,0.141,0.005,-4.2146,151.8038,0.001572826,75,25
0.168,0.045,0.69,0.004,0.04,0.03,0.017,0.005,-4.2146,151.8038,0.001572826,75,25
0.574,0.135,0.023,0.001,0.01,0.066,0.186,0.006,-4.2146,151.8038,0.001572826,75,25
0.015,0.01,0.935,0.006,0.007,0.008,0.007,0.012,-4.2146,151.8038,0.001572826,75,25
0.099,0.086,0.626,0.002,0.124,0.03,0.013,0.021,-4.2146,151.8038,0.001572826,75,25
0.071,0.061,0.639,0.002,0.175,0.023,0.013,0.015,-4.2146,151.8038,0.001572826,75,25
0.02,0.03,0.831,0.003,0.014,0.014,0.082,0.007,-4.2146,151.8038,0.001572826,75,25
0.204,0.655,0.025,0.008,0.013,0.059,0.032,0.003,-4.2146,151.8038,0.001572826,75,25
0.148,0.692,0.033,0.003,0.018,0.074,0.028,0.004,-4.2146,151.8038,0.001572826,75,25
0.168,0.074,0.643,0.003,0.052,0.043,0.012,0.005,-4.2146,151.8038,0.001572826,75,25
0.022,0.046,0.776,0.006,0.027,0.044,0.076,0.004,-4.2146,151.8038,0.001572826,75,25
0.247,0.059,0.542,0.003,0.07,0.045,0.024,0.01,-4.2146,151.8038,0.001572826,75,25
0.035,0.043,0.841,0.006,0.027,0.014,0.03,0.003,-6.0816,149.6038,0.127150395,311,4
0.045,0.022,0.025,0.003,0.005,0.011,0.887,0.003,-6.0816,149.6038,0.127150395,311,4
0.016,0.01,0.95,0.002,0.011,0.005,0.003,0.002,-6.0816,149.6038,0.127150395,311,4
0.011,0.009,0.951,0.002,0.013,0.006,0.005,0.003,-6.0816,149.6038,0.127150395,311,4
0.025,0.051,0.846,0.004,0.013,0.03,0.026,0.005,-6.0816,149.6038,0.127150395,311,4
0.112,0.086,0.707,0.003,0.022,0.014,0.053,0.004,-6.0816,149.6038,0.127150395,311,4
0.937,0.015,0.013,0.003,0.006,0.011,0.008,0.008,-6.0816,149.6038,0.127150395,311,4
0.359,0.159,0.132,0.002,0.019,0.281,0.045,0.003,-6.0816,149.6038,0.127150395,311,4
0.014,0.014,0.932,0.003,0.022,0.007,0.006,0.003,-6.0816,149.6038,0.127150395,311,4
0.906,0.017,0.006,0.021,0.009,0.016,0.016,0.009,-6.0816,149.6038,0.127150395,311,4
0.019,0.043,0.193,0.003,0.016,0.014,0.709,0.003,-6.0816,149.6038,0.127150395,311,4
0.023,0.049,0.186,0.003,0.014,0.013,0.709,0.003,-6.0816,149.6038,0.127150395,311,4
0.136,0.246,0.324,0.007,0.148,0.047,0.086,0.006,-6.0816,149.6038,0.127150395,311,4
0.117,0.229,0.088,0.005,0.333,0.022,0.197,0.01,-6.0816,149.6038,0.127150395,311,4
0.901,0.013,0.008,0.021,0.007,0.028,0.011,0.011,-6.0816,149.6038,0.127150395,311,4
0.024,0.419,0.349,0.005,0.108,0.031,0.061,0.003,-6.0816,149.6038,0.127150395,311,4
0.088,0.024,0.811,0.015,0.029,0.01,0.008,0.015,-6.0816,149.6038,0.127150395,311,4
0.003,0.003,0.979,0.002,0.003,0.003,0.004,0.002,-6.0816,149.6038,0.127150395,311,4
0.447,0.096,0.096,0.011,0.135,0.193,0.021,0.002,-6.0816,149.6038,0.127150395,311,4
0.825,0.016,0.041,0.026,0.019,0.013,0.057,0.003,-6.0816,149.6038,0.127150395,311,4
0.159,0.063,0.039,0.009,0.082,0.261,0.386,0.002,-6.0816,149.6038,0.127150395,311,4
0.006,0.008,0.962,0.003,0.007,0.006,0.007,0.002,-6.0816,149.6038,0.127150395,311,4
0.013,0.006,0.009,0.01,0.005,0.006,0.944,0.007,-6.0816,149.6038,0.127150395,311,4
0.003,0.003,0.979,0.003,0.004,0.003,0.004,0.002,-6.0816,149.6038,0.127150395,311,4
0.919,0.011,0.01,0.006,0.01,0.014,0.014,0.015,-6.0816,149.6038,0.127150395,311,4
0.01,0.007,0.009,0.011,0.005,0.005,0.947,0.006,-6.0816,149.6038,0.127150395,311,4
0.011,0.009,0.944,0.004,0.011,0.011,0.006,0.003,-6.0816,149.6038,0.127150395,311,4
0.052,0.02,0.877,0.002,0.006,0.01,0.025,0.008,-6.0816,149.6038,0.127150395,311,4
0.042,0.05,0.361,0.007,0.01,0.017,0.509,0.003,-6.0816,149.6038,0.127150395,311,4
0.004,0.003,0.98,0.002,0.003,0.003,0.003,0.002,-6.0816,149.6038,0.127150395,311,4
0.004,0.004,0.972,0.004,0.005,0.004,0.003,0.004,-6.0816,149.6038,0.127150395,311,4
0.022,0.351,0.109,0.004,0.018,0.455,0.037,0.004,-6.0816,149.6038,0.127150395,311,4
0.016,0.073,0.77,0.003,0.025,0.092,0.009,0.012,-6.0816,149.6038,0.127150395,311,4
0.632,0.133,0.079,0.006,0.017,0.016,0.112,0.004,-6.0816,149.6038,0.127150395,311,4
0.008,0.004,0.966,0.002,0.003,0.004,0.007,0.006,-6.0816,149.6038,0.127150395,311,4
0.936,0.016,0.013,0.002,0.006,0.012,0.007,0.007,-6.0816,149.6038,0.127150395,311,4
0.013,0.008,0.955,0.004,0.005,0.007,0.004,0.004,-6.0816,149.6038,0.127150395,311,4
0.043,0.368,0.352,0.002,0.034,0.135,0.039,0.027,-6.0816,149.6038,0.127150395,311,4
0.004,0.004,0.976,0.003,0.003,0.003,0.004,0.003,-6.0816,149.6038,0.127150395,311,4
0.029,0.019,0.016,0.006,0.012,0.008,0.889,0.021,-6.0816,149.6038,0.127150395,311,4
0.129,0.017,0.787,0.004,0.009,0.033,0.017,0.004,-6.0816,149.6038,0.127150395,311,4
0.041,0.47,0.326,0.056,0.046,0.014,0.043,0.004,-6.0816,149.6038,0.127150395,311,4
0.011,0.009,0.955,0.004,0.005,0.007,0.005,0.005,-6.0816,149.6038,0.127150395,311,4
0.022,0.038,0.197,0.003,0.011,0.015,0.711,0.003,-6.0816,149.6038,0.127150395,311,4
0.294,0.024,0.027,0.114,0.033,0.034,0.471,0.004,-6.0816,149.6038,0.127150395,311,4
0.016,0.512,0.17,0.004,0.077,0.133,0.076,0.012,-6.0816,149.6038,0.127150395,311,4
0.202,0.16,0.122,0.005,0.044,0.047,0.418,0.003,-6.0816,149.6038,0.127150395,311,4
0.011,0.008,0.009,0.009,0.005,0.005,0.946,0.007,-6.0816,149.6038,0.127150395,311,4
0.937,0.016,0.013,0.003,0.006,0.011,0.009,0.007,-6.0816,149.6038,0.127150395,311,4
0.12,0.324,0.074,0.008,0.033,0.365,0.071,0.005,-5.5004,150.3455,0.008542845,73,15
0.213,0.134,0.056,0.002,0.078,0.477,0.034,0.006,-5.5004,150.3455,0.008542845,73,15
0.009,0.125,0.645,0.003,0.006,0.191,0.018,0.003,-5.5004,150.3455,0.008542845,73,15
0.117,0.197,0.102,0.004,0.01,0.327,0.241,0.003,-5.5004,150.3455,0.008542845,73,15
0.032,0.418,0.407,0.002,0.012,0.026,0.099,0.003,-5.5004,150.3455,0.008542845,73,15
0.635,0.019,0.243,0.003,0.038,0.018,0.041,0.003,-5.5004,150.3455,0.008542845,73,15
0.01,0.121,0.668,0.002,0.005,0.177,0.014,0.002,-5.5004,150.3455,0.008542845,73,15
0.142,0.496,0.082,0.002,0.092,0.141,0.039,0.006,-5.5004,150.3455,0.008542845,73,15
0.035,0.169,0.014,0.002,0.01,0.583,0.079,0.108,-5.5004,150.3455,0.008542845,73,15
0.098,0.351,0.061,0.006,0.014,0.317,0.125,0.028,-5.5004,150.3455,0.008542845,73,15
0.037,0.362,0.291,0.003,0.038,0.181,0.084,0.005,-5.5004,150.3455,0.008542845,73,15
0.494,0.014,0.382,0.009,0.007,0.012,0.076,0.006,-5.5004,150.3455,0.008542845,73,15
0.04,0.091,0.332,0.009,0.088,0.052,0.379,0.009,-5.5004,150.3455,0.008542845,73,15
0.059,0.011,0.764,0.004,0.006,0.009,0.012,0.135,-5.5004,150.3455,0.008542845,73,15
0.195,0.175,0.263,0.002,0.091,0.205,0.061,0.007,-5.5004,150.3455,0.008542845,73,15
0.042,0.173,0.024,0.009,0.086,0.021,0.638,0.006,-5.5004,150.3455,0.008542845,73,15
0.055,0.643,0.127,0.005,0.012,0.142,0.016,0.002,-5.5004,150.3455,0.008542845,73,15
0.012,0.132,0.666,0.002,0.006,0.158,0.022,0.002,-5.5004,150.3455,0.008542845,73,15
0.011,0.016,0.878,0.009,0.036,0.033,0.013,0.004,-5.5004,150.3455,0.008542845,73,15
0.006,0.041,0.88,0.006,0.023,0.029,0.011,0.003,-5.5004,150.3455,0.008542845,73,15
0.022,0.056,0.867,0.003,0.007,0.029,0.014,0.003,-5.5004,150.3455,0.008542845,73,15
0.216,0.035,0.483,0.003,0.019,0.021,0.22,0.003,-5.5004,150.3455,0.008542845,73,15
0.751,0.161,0.029,0.006,0.017,0.013,0.019,0.005,-5.3221,151.0106,0.004476788,52,21
0.944,0.006,0.016,0.004,0.005,0.008,0.011,0.007,-5.3221,151.0106,0.004476788,52,21
0.026,0.025,0.069,0.023,0.007,0.008,0.838,0.004,-5.3221,151.0106,0.004476788,52,21
0.271,0.075,0.052,0.004,0.023,0.045,0.526,0.003,-5.3221,151.0106,0.004476788,52,21
0.018,0.016,0.041,0.047,0.006,0.006,0.865,0.002,-5.3221,151.0106,0.004476788,52,21
0.841,0.041,0.011,0.006,0.015,0.039,0.044,0.004,-5.3221,151.0106,0.004476788,52,21
0.903,0.018,0.013,0.002,0.005,0.007,0.052,0.002,-5.3221,151.0106,0.004476788,52,21
0.924,0.012,0.022,0.005,0.01,0.007,0.011,0.009,-5.3221,151.0106,0.004476788,52,21
0.658,0.1,0.143,0.005,0.031,0.03,0.032,0.002,-5.3221,151.0106,0.004476788,52,21
0.144,0.134,0.281,0.038,0.019,0.368,0.006,0.01,-5.3221,151.0106,0.004476788,52,21
0.022,0.02,0.056,0.02,0.007,0.008,0.865,0.002,-5.3221,151.0106,0.004476788,52,21
0.035,0.027,0.863,0.005,0.006,0.028,0.032,0.004,-5.3221,151.0106,0.004476788,52,21
0.067,0.049,0.142,0.036,0.006,0.014,0.684,0.002,-5.3221,151.0106,0.004476788,52,21
0.058,0.049,0.181,0.006,0.012,0.014,0.672,0.008,-5.3221,151.0106,0.004476788,52,21
0.389,0.185,0.197,0.006,0.011,0.043,0.023,0.146,-5.3221,151.0106,0.004476788,52,21
0.871,0.022,0.033,0.009,0.012,0.01,0.008,0.035,-5.3221,151.0106,0.004476788,52,21
0.882,0.02,0.052,0.002,0.005,0.013,0.023,0.003,-5.3221,151.0106,0.004476788,52,21
0.838,0.012,0.022,0.003,0.013,0.035,0.011,0.067,-5.3221,151.0106,0.004476788,52,21
0.321,0.023,0.564,0.007,0.008,0.031,0.027,0.018,-5.3221,151.0106,0.004476788,52,21
0.527,0.015,0.379,0.018,0.009,0.018,0.024,0.01,-5.3221,151.0106,0.004476788,52,21
0.035,0.054,0.019,0.003,0.02,0.025,0.84,0.004,-5.3221,151.0106,0.004476788,52,21
0.016,0.006,0.016,0.006,0.006,0.013,0.933,0.004,-5.845,155.157,0.022510092,131,12
0.079,0.171,0.019,0.004,0.02,0.612,0.024,0.072,-8.433,151.1191,0.011268405,14,32
0.005,0.003,0.002,0.003,0.003,0.005,0.968,0.009,-8.433,151.1191,0.011268405,14,32
0.005,0.005,0.003,0.004,0.004,0.01,0.961,0.009,-8.433,151.1191,0.011268405,14,32
0.013,0.009,0.003,0.001,0.007,0.015,0.948,0.004,-8.433,151.1191,0.011268405,14,32
0.008,0.033,0.017,0.005,0.909,0.018,0.004,0.007,-8.8944,148.1124,0.325494632,546,6
0.703,0.053,0.086,0.004,0.045,0.04,0.063,0.005,-8.8944,148.1124,0.325494632,546,6
0.103,0.655,0.038,0.012,0.025,0.078,0.087,0.002,-8.8944,148.1124,0.325494632,546,6
0.028,0.206,0.024,0.005,0.02,0.658,0.039,0.02,-8.8944,148.1124,0.325494632,546,6
0.035,0.711,0.058,0.023,0.013,0.11,0.049,0.002,-8.8944,148.1124,0.325494632,546,6
0.13,0.607,0.031,0.002,0.025,0.052,0.151,0.002,-8.8944,148.1124,0.325494632,546,6
0.026,0.504,0.205,0.012,0.197,0.044,0.01,0.002,-9.1872,149.2564,0.00097326,106,4
0.018,0.096,0.012,0.007,0.032,0.267,0.564,0.004,-9.1872,149.2564,0.00097326,106,4
0.012,0.693,0.005,0.016,0.167,0.095,0.008,0.004,-4.5721,141.1954,1.735207246,386,2
0.021,0.202,0.01,0.004,0.015,0.709,0.03,0.008,-4.6297,141.1048,1.824772456,262,2
0.021,0.316,0.057,0.004,0.081,0.166,0.275,0.081,-4.6297,141.1048,1.824772456,262,2
0.074,0.14,0.011,0.004,0.377,0.339,0.014,0.04,-4.6297,141.1048,1.824772456,262,2
0.909,0.025,0.007,0.003,0.018,0.011,0.019,0.007,-4.6297,141.1048,1.824772456,262,2
0.109,0.478,0.015,0.008,0.027,0.334,0.026,0.003,-4.6297,141.1048,1.824772456,262,2
0.117,0.099,0.029,0.005,0.251,0.465,0.028,0.006,-4.6297,141.1048,1.824772456,262,2
0.012,0.095,0.013,0.003,0.046,0.807,0.015,0.007,-4.6297,141.1048,1.824772456,262,2
0.567,0.1,0.017,0.009,0.073,0.103,0.124,0.007,-4.6199,141.0803,1.826449788,184,2
0.019,0.006,0.004,0.002,0.882,0.007,0.011,0.068,-4.6199,141.0803,1.826449788,184,2
0.755,0.08,0.027,0.005,0.05,0.026,0.029,0.029,-4.6199,141.0803,1.826449788,184,2
0.025,0.142,0.024,0.003,0.739,0.057,0.008,0.003,-4.6199,141.0803,1.826449788,184,2
0.018,0.711,0.057,0.002,0.074,0.101,0.036,0.002,-4.6199,141.0803,1.826449788,184,2
0.05,0.202,0.025,0.002,0.032,0.283,0.403,0.003,-4.6199,141.0803,1.826449788,184,2
0.028,0.037,0.006,0.002,0.891,0.016,0.015,0.006,-4.6199,141.0803,1.826449788,184,2
0.915,0.018,0.013,0.003,0.019,0.012,0.016,0.004,-4.6277,141.0965,1.826491493,303,2
0.144,0.095,0.015,0.004,0.046,0.667,0.023,0.005,-4.6277,141.0965,1.826491493,303,2
0.026,0.019,0.903,0.007,0.01,0.025,0.006,0.003,-6.2701,149.7035,0.001388022,86,4
0.141,0.086,0.167,0.043,0.025,0.033,0.503,0.002,-6.2701,149.7035,0.001388022,86,4
0.018,0.652,0.102,0.009,0.011,0.046,0.152,0.009,-6.2701,149.7035,0.001388022,86,4
0.068,0.142,0.052,0.005,0.022,0.045,0.66,0.006,-6.2701,149.7035,0.001388022,86,4
0.171,0.108,0.186,0.042,0.05,0.172,0.262,0.009,-6.2701,149.7035,0.001388022,86,4
0.058,0.133,0.446,0.009,0.055,0.093,0.192,0.014,-6.2701,149.7035,0.001388022,86,4
0.285,0.377,0.035,0.005,0.011,0.155,0.129,0.004,-5.3154,154.6301,0.057659969,60,22
0.877,0.016,0.019,0.011,0.035,0.031,0.007,0.004,-8.0719,147.9895,0.000887865,40,6
0.046,0.778,0.025,0.003,0.082,0.05,0.006,0.01,-8.0719,147.9895,0.000887865,40,6
0.064,0.33,0.296,0.004,0.064,0.162,0.062,0.018,-8.0719,147.9895,0.000887865,40,6
0.895,0.015,0.025,0.01,0.016,0.026,0.007,0.006,-8.0719,147.9895,0.000887865,40,6
0.277,0.336,0.244,0.004,0.011,0.062,0.063,0.003,-6.614711703,147.8540715,0.002335677,202,33
0.283,0.067,0.373,0.003,0.011,0.064,0.17,0.029,-6.614711703,147.8540715,0.002335677,202,33
0.831,0.046,0.009,0.004,0.01,0.036,0.022,0.041,-6.614711703,147.8540715,0.002335677,202,33
0.855,0.06,0.027,0.002,0.017,0.023,0.014,0.002,-6.614711703,147.8540715,0.002335677,202,33
0.021,0.485,0.095,0.006,0.261,0.094,0.03,0.009,-6.614711703,147.8540715,0.002335677,202,33
0.047,0.42,0.014,0.005,0.034,0.207,0.244,0.029,-6.614711703,147.8540715,0.002335677,202,33
0.017,0.058,0.011,0.01,0.016,0.857,0.025,0.007,-6.614711703,147.8540715,0.002335677,202,33
0.513,0.02,0.039,0.003,0.034,0.066,0.321,0.004,-6.614711703,147.8540715,0.002335677,202,33
0.041,0.303,0.361,0.004,0.032,0.021,0.235,0.001,-6.614711703,147.8540715,0.002335677,202,33
0.046,0.429,0.203,0.006,0.047,0.225,0.02,0.024,-6.614711703,147.8540715,0.002335677,202,33
0.801,0.045,0.008,0.013,0.037,0.085,0.008,0.003,-6.614711703,147.8540715,0.002335677,202,33
0.022,0.906,0.024,0.002,0.006,0.015,0.022,0.004,-6.614711703,147.8540715,0.002335677,202,33
0.093,0.061,0.015,0.009,0.02,0.782,0.013,0.008,-6.614711703,147.8540715,0.002335677,202,33
0.278,0.056,0.006,0.002,0.018,0.499,0.137,0.005,-6.614711703,147.8540715,0.002335677,202,33
0.03,0.045,0.023,0.002,0.012,0.432,0.45,0.006,-6.614711703,147.8540715,0.002335677,202,33
0.055,0.064,0.018,0.002,0.027,0.079,0.752,0.003,-6.614711703,147.8540715,0.002335677,202,33
0.005,0.96,0.008,0.001,0.006,0.008,0.009,0.002,-6.614711703,147.8540715,0.002335677,202,33
0.796,0.068,0.01,0.014,0.014,0.04,0.027,0.033,-6.614711703,147.8540715,0.002335677,202,33
0.001,0.001,0.001,0.001,0.001,0.001,0.001,0.994,-6.614711703,147.8540715,0.002335677,202,33
0.025,0.761,0.006,0.004,0.138,0.054,0.011,0.002,-6.614711703,147.8540715,0.002335677,202,33
0.009,0.959,0.008,0.002,0.006,0.007,0.007,0.002,-6.614711703,147.8540715,0.002335677,202,33
0.721,0.082,0.009,0.01,0.037,0.127,0.011,0.003,-6.614711703,147.8540715,0.002335677,202,33
0.285,0.279,0.013,0.01,0.038,0.187,0.182,0.006,-6.614711703,147.8540715,0.002335677,202,33
0.008,0.941,0.013,0.001,0.008,0.01,0.016,0.003,-6.614711703,147.8540715,0.002335677,202,33
0.001,0.001,0.001,0.001,0.001,0.001,0.001,0.994,-6.614711703,147.8540715,0.002335677,202,33
0.923,0.006,0.011,0.013,0.017,0.01,0.008,0.012,-6.614711703,147.8540715,0.002335677,202,33
0.834,0.036,0.009,0.003,0.033,0.073,0.009,0.002,-6.614711703,147.8540715,0.002335677,202,33
0.271,0.395,0.106,0.006,0.019,0.162,0.035,0.005,-6.614711703,147.8540715,0.002335677,202,33
0.015,0.031,0.004,0.001,0.013,0.656,0.277,0.002,-6.614711703,147.8540715,0.002335677,202,33
0.049,0.648,0.014,0.006,0.016,0.225,0.024,0.019,-6.614711703,147.8540715,0.002335677,202,33
0.038,0.401,0.031,0.006,0.012,0.415,0.094,0.002,-6.614711703,147.8540715,0.002335677,202,33
0.042,0.038,0.048,0.001,0.011,0.054,0.045,0.761,-6.614711703,147.8540715,0.002335677,202,33
0.301,0.359,0.059,0.008,0.042,0.072,0.148,0.011,-6.614711703,147.8540715,0.002335677,202,33
0.02,0.38,0.013,0.004,0.017,0.517,0.03,0.021,-6.614711703,147.8540715,0.002335677,202,33
0.039,0.09,0.005,0.002,0.022,0.606,0.232,0.004,-6.614711703,147.8540715,0.002335677,202,33
0.216,0.442,0.013,0.006,0.132,0.043,0.139,0.009,-6.614711703,147.8540715,0.002335677,202,33
0.219,0.414,0.041,0.006,0.072,0.046,0.192,0.01,-6.614711703,147.8540715,0.002335677,202,33
0.001,0.001,0.001,0.001,0.001,0.001,0.001,0.994,-6.614711703,147.8540715,0.002335677,202,33
0.081,0.025,0.013,0.001,0.009,0.032,0.021,0.818,-6.614711703,147.8540715,0.002335677,202,33
0.055,0.124,0.006,0.002,0.016,0.684,0.109,0.003,-6.614711703,147.8540715,0.002335677,202,33
0.257,0.145,0.065,0.002,0.017,0.045,0.043,0.425,-6.614711703,147.8540715,0.002335677,202,33
0.024,0.368,0.021,0.009,0.017,0.454,0.105,0.002,-6.614711703,147.8540715,0.002335677,202,33
0.187,0.288,0.132,0.005,0.039,0.313,0.024,0.012,-6.614711703,147.8540715,0.002335677,202,33
0.008,0.947,0.008,0.001,0.006,0.012,0.016,0.002,-6.614711703,147.8540715,0.002335677,202,33
0.103,0.137,0.037,0.002,0.152,0.486,0.076,0.007,-6.614711703,147.8540715,0.002335677,202,33
0.621,0.257,0.019,0.005,0.044,0.029,0.021,0.004,-6.614711703,147.8540715,0.002335677,202,33
0.881,0.024,0.036,0.003,0.033,0.013,0.007,0.002,-6.614711703,147.8540715,0.002335677,202,33
0.034,0.151,0.503,0.003,0.022,0.183,0.056,0.048,-6.614711703,147.8540715,0.002335677,202,33
0.009,0.294,0.013,0.002,0.011,0.629,0.014,0.028,-6.614711703,147.8540715,0.002335677,202,33
0.02,0.174,0.013,0.001,0.218,0.56,0.009,0.004,-6.614711703,147.8540715,0.002335677,202,33
0.017,0.338,0.199,0.005,0.033,0.167,0.037,0.203,-6.976689379,146.61943,0.327589421,996,27
0.222,0.673,0.018,0.004,0.012,0.054,0.013,0.005,-6.976689379,146.61943,0.327589421,996,27
0.079,0.231,0.031,0.007,0.155,0.203,0.292,0.003,-6.976689379,146.61943,0.327589421,996,27
0.015,0.679,0.038,0.005,0.024,0.222,0.014,0.003,-6.976689379,146.61943,0.327589421,996,27
0.521,0.118,0.006,0.004,0.013,0.329,0.008,0.002,-6.976689379,146.61943,0.327589421,996,27
0.057,0.133,0.137,0.004,0.032,0.479,0.034,0.123,-6.976689379,146.61943,0.327589421,996,27
0.215,0.149,0.024,0.007,0.097,0.44,0.066,0.003,-6.976689379,146.61943,0.327589421,996,27
0.363,0.072,0.077,0.005,0.12,0.195,0.166,0.002,-6.976689379,146.61943,0.327589421,996,27
0.065,0.56,0.009,0.004,0.053,0.298,0.007,0.004,-6.976689379,146.61943,0.327589421,996,27
0.361,0.369,0.023,0.015,0.038,0.178,0.014,0.003,-6.976689379,146.61943,0.327589421,996,27
0.117,0.394,0.093,0.004,0.051,0.312,0.028,0.003,-6.976689379,146.61943,0.327589421,996,27
0.031,0.055,0.018,0.01,0.647,0.212,0.011,0.015,-6.976689379,146.61943,0.327589421,996,27
0.015,0.138,0.018,0.014,0.484,0.313,0.01,0.009,-6.976689379,146.61943,0.327589421,996,27
0.01,0.426,0.009,0.009,0.112,0.374,0.049,0.011,-6.976689379,146.61943,0.327589421,996,27
0.061,0.384,0.019,0.002,0.016,0.479,0.037,0.003,-6.976689379,146.61943,0.327589421,996,27
0.637,0.097,0.126,0.005,0.076,0.041,0.014,0.005,-6.976689379,146.61943,0.327589421,996,27
0.447,0.231,0.058,0.003,0.072,0.154,0.03,0.005,-6.976689379,146.61943,0.327589421,996,27
0.119,0.265,0.116,0.047,0.017,0.416,0.017,0.004,-6.976689379,146.61943,0.327589421,996,27
0.018,0.477,0.131,0.004,0.015,0.137,0.215,0.003,-6.976689379,146.61943,0.327589421,996,27
0.182,0.384,0.03,0.003,0.144,0.2,0.051,0.005,-6.976689379,146.61943,0.327589421,996,27
0.491,0.189,0.023,0.004,0.113,0.134,0.043,0.002,-6.976689379,146.61943,0.327589421,996,27
0.074,0.274,0.471,0.003,0.034,0.091,0.049,0.003,-6.976689379,146.61943,0.327589421,996,27
0.225,0.173,0.012,0.003,0.018,0.553,0.012,0.005,-6.976689379,146.61943,0.327589421,996,27
0.85,0.032,0.02,0.01,0.019,0.022,0.044,0.003,-6.976689379,146.61943,0.327589421,996,27
0.008,0.035,0.057,0.006,0.847,0.031,0.012,0.005,-6.976689379,146.61943,0.327589421,996,27
0.028,0.256,0.061,0.005,0.123,0.491,0.024,0.011,-6.976689379,146.61943,0.327589421,996,27
0.034,0.069,0.013,0.003,0.241,0.574,0.053,0.013,-6.976689379,146.61943,0.327589421,996,27
0.027,0.115,0.027,0.007,0.377,0.329,0.11,0.009,-6.976689379,146.61943,0.327589421,996,27
0.69,0.031,0.146,0.003,0.039,0.027,0.01,0.054,-6.976689379,146.61943,0.327589421,996,27
0.038,0.086,0.01,0.003,0.252,0.55,0.047,0.015,-6.976689379,146.61943,0.327589421,996,27
0.035,0.699,0.041,0.004,0.08,0.102,0.033,0.006,-6.976689379,146.61943,0.327589421,996,27
0.14,0.044,0.023,0.006,0.014,0.042,0.722,0.01,-6.976689379,146.61943,0.327589421,996,27
0.044,0.233,0.031,0.003,0.114,0.536,0.036,0.003,-6.976689379,146.61943,0.327589421,996,27
0.042,0.142,0.012,0.007,0.062,0.629,0.101,0.005,-6.976689379,146.61943,0.327589421,996,27
0.072,0.467,0.02,0.003,0.015,0.171,0.248,0.003,-6.976689379,146.61943,0.327589421,996,27
0.135,0.269,0.023,0.004,0.018,0.532,0.014,0.005,-6.976689379,146.61943,0.327589421,996,27
0.014,0.743,0.028,0.007,0.03,0.163,0.012,0.002,-6.976689379,146.61943,0.327589421,996,27
0.035,0.439,0.042,0.008,0.03,0.268,0.147,0.031,-6.976689379,146.61943,0.327589421,996,27
0.015,0.11,0.029,0.008,0.798,0.027,0.011,0.003,-6.976689379,146.61943,0.327589421,996,27
0.364,0.261,0.045,0.002,0.051,0.206,0.054,0.017,-6.976689379,146.61943,0.327589421,996,27
0.009,0.121,0.034,0.004,0.006,0.814,0.007,0.005,-6.976689379,146.61943,0.327589421,996,27
0.086,0.371,0.01,0.001,0.021,0.399,0.062,0.049,-6.976689379,146.61943,0.327589421,996,27
0.059,0.188,0.023,0.002,0.016,0.701,0.009,0.003,-6.976689379,146.61943,0.327589421,996,27
0.022,0.27,0.009,0.006,0.023,0.658,0.009,0.003,-6.976689379,146.61943,0.327589421,996,27
0.176,0.463,0.01,0.008,0.025,0.295,0.005,0.018,-6.976689379,146.61943,0.327589421,996,27
0.089,0.061,0.021,0.005,0.018,0.654,0.143,0.009,-6.976689379,146.61943,0.327589421,996,27
0.006,0.053,0.006,0.003,0.895,0.023,0.013,0.002,-6.976689379,146.61943,0.327589421,996,27
0.814,0.053,0.023,0.002,0.006,0.028,0.072,0.002,-6.976689379,146.61943,0.327589421,996,27
0.051,0.192,0.018,0.002,0.018,0.708,0.008,0.002,-6.976689379,146.61943,0.327589421,996,27
0.049,0.229,0.047,0.032,0.017,0.21,0.416,0.002,-6.976689379,146.61943,0.327589421,996,27
0.012,0.721,0.032,0.005,0.023,0.195,0.01,0.003,-6.976689379,146.61943,0.327589421,996,27
0.299,0.566,0.012,0.002,0.059,0.045,0.006,0.011,-6.976689379,146.61943,0.327589421,996,27
0.011,0.011,0.017,0.026,0.829,0.093,0.009,0.003,-6.976689379,146.61943,0.327589421,996,27
0.052,0.261,0.446,0.003,0.039,0.163,0.035,0.002,-6.976689379,146.61943,0.327589421,996,27
0.398,0.149,0.024,0.002,0.04,0.321,0.064,0.002,-6.976689379,146.61943,0.327589421,996,27
0.027,0.524,0.011,0.002,0.131,0.28,0.017,0.007,-6.976689379,146.61943,0.327589421,996,27
0.595,0.017,0.02,0.005,0.282,0.052,0.029,0.002,-7.0669,146.4912,0.467261443,913,7
0.016,0.019,0.009,0.004,0.011,0.904,0.007,0.03,-7.0669,146.4912,0.467261443,913,7
0.149,0.674,0.047,0.003,0.02,0.062,0.041,0.004,-7.0669,146.4912,0.467261443,913,7
0.038,0.23,0.022,0.006,0.029,0.654,0.015,0.006,-7.0669,146.4912,0.467261443,913,7
0.073,0.813,0.017,0.003,0.009,0.065,0.014,0.006,-7.0669,146.4912,0.467261443,913,7
0.039,0.26,0.021,0.001,0.026,0.615,0.032,0.005,-7.0669,146.4912,0.467261443,913,7
0.299,0.394,0.02,0.016,0.06,0.117,0.089,0.003,-6.976689379,146.61943,0.327589421,996,27
0.087,0.043,0.266,0.003,0.185,0.352,0.035,0.028,-4.276176,144.968067,0.000859771,85,17
0.011,0.252,0.012,0.004,0.169,0.474,0.048,0.031,-5.233337,145.793434,0.002671035,12,52
0.428,0.275,0.015,0.005,0.034,0.206,0.034,0.004,-5.233337,145.793434,0.002671035,12,52
0.429,0.083,0.022,0.005,0.261,0.139,0.024,0.037,-5.117799,145.777294,0.014175969,27,29
0.011,0.031,0.012,0.002,0.008,0.916,0.005,0.016,-5.290202,145.738452,0.022060279,44,27
0.013,0.568,0.029,0.005,0.075,0.248,0.052,0.009,-5.233337,145.793434,0.002671035,12,52
0.046,0.171,0.177,0.004,0.141,0.437,0.02,0.004,-5.233337,145.793434,0.002671035,12,52
0.015,0.562,0.008,0.003,0.049,0.353,0.006,0.004,-5.290202,145.738452,0.022060279,44,27
0.005,0.009,0.004,0.003,0.004,0.004,0.971,0.002,-10.19236,150.30764,0.005101375,374,13
0.003,0.007,0.004,0.003,0.005,0.004,0.972,0.002,-10.19217,150.29102,0.007448564,120,9
0.004,0.004,0.004,0.003,0.005,0.004,0.971,0.002,-10.19217,150.29102,0.007448564,120,9
0.053,0.025,0.058,0.005,0.008,0.027,0.8,0.024,-10.1832,150.26656,0.020518302,131,10
0.014,0.674,0.016,0.003,0.08,0.181,0.014,0.019,-10.1832,150.26656,0.020518302,131,10
0.016,0.062,0.01,0.006,0.118,0.062,0.723,0.004,-10.17267,150.23245,0.034089267,193,7
0.023,0.047,0.006,0.003,0.25,0.047,0.615,0.008,-10.19217,150.29102,0.007448564,120,9
0.007,0.008,0.01,0.007,0.019,0.006,0.942,0.002,-10.30505,150.44356,0.003457727,158,6
0.024,0.157,0.007,0.008,0.04,0.022,0.74,0.002,-10.30505,150.44356,0.003457727,158,6
0.01,0.005,0.007,0.004,0.006,0.014,0.949,0.005,-10.19236,150.30764,0.005101375,374,13
0.007,0.044,0.016,0.006,0.011,0.037,0.877,0.002,-10.30505,150.44356,0.003457727,158,6
0.004,0.004,0.004,0.002,0.004,0.007,0.972,0.002,-10.18943,150.2748,0.018550429,459,6
0.013,0.014,0.006,0.003,0.011,0.012,0.939,0.003,-10.19236,150.30764,0.005101375,374,13
0.003,0.004,0.006,0.002,0.005,0.006,0.972,0.002,-10.19236,150.30764,0.005101375,374,13
0.017,0.016,0.011,0.005,0.014,0.015,0.915,0.006,-10.30505,150.44356,0.003457727,158,6
0.008,0.004,0.012,0.002,0.005,0.007,0.93,0.032,-10.32991,150.52335,0.003006855,158,6
0.023,0.007,0.008,0.004,0.006,0.02,0.92,0.013,-10.18212,150.23562,0.038697748,324,6
0.036,0.431,0.063,0.015,0.049,0.232,0.17,0.004,-10.18212,150.23562,0.038697748,324,6
0.009,0.008,0.009,0.005,0.01,0.007,0.942,0.01,-8.433,151.1191,0.011268405,14,32
0.012,0.005,0.11,0.013,0.004,0.007,0.845,0.004,-10.1832,150.26656,0.020518302,131,10
0.02,0.179,0.025,0.004,0.03,0.375,0.225,0.142,-10.19217,150.29102,0.007448564,120,9
0.029,0.199,0.022,0.005,0.043,0.415,0.219,0.067,-10.17906,150.24064,0.032847967,138,11
0.232,0.036,0.199,0.008,0.043,0.129,0.346,0.006,-10.18943,150.2748,0.018550429,459,6
0.022,0.008,0.009,0.004,0.005,0.006,0.933,0.014,-10.315703,150.458779,0.003951278,212,6
0.005,0.01,0.011,0.003,0.009,0.006,0.955,0.002,-10.315703,150.458779,0.003951278,212,6
0.006,0.008,0.009,0.004,0.009,0.006,0.955,0.002,-10.315703,150.458779,0.003951278,212,6
0.013,0.013,0.006,0.004,0.824,0.131,0.004,0.005,-3.43413,142.54417,0.196454931,527,12
0.015,0.01,0.006,0.002,0.94,0.021,0.003,0.003,-3.4203,142.5465,0.182558311,858,8
0.004,0.004,0.003,0.004,0.977,0.003,0.002,0.003,-3.38654,142.5723,0.14455878,705,8
0.012,0.046,0.014,0.009,0.734,0.115,0.07,0.002,-3.38654,142.5723,0.14455878,705,8
0.006,0.019,0.005,0.075,0.872,0.014,0.004,0.005,-3.40941,142.56466,0.168435719,712,12
0.029,0.333,0.037,0.041,0.339,0.18,0.007,0.034,-3.38654,142.5723,0.14455878,705,8
0.008,0.01,0.005,0.011,0.94,0.014,0.009,0.004,-3.40941,142.56466,0.168435719,712,12
0.007,0.007,0.006,0.01,0.95,0.008,0.008,0.003,-3.40941,142.56466,0.168435719,712,12
0.011,0.016,0.016,0.019,0.875,0.019,0.008,0.035,-3.3911,142.5737,0.148802569,572,8
0.004,0.003,0.003,0.003,0.979,0.003,0.002,0.003,-3.3911,142.5737,0.148802569,572,8
0.003,0.005,0.003,0.004,0.977,0.003,0.002,0.003,-3.3911,142.5737,0.148802569,572,8
0.004,0.003,0.003,0.003,0.979,0.003,0.002,0.003,-3.38654,142.5723,0.14455878,705,8
0.009,0.02,0.004,0.003,0.885,0.05,0.004,0.024,-3.37885,142.56524,0.138278212,478,8
0.018,0.111,0.051,0.026,0.561,0.103,0.125,0.006,-3.3911,142.5737,0.148802569,572,8
0.019,0.014,0.008,0.004,0.932,0.009,0.01,0.004,-3.40941,142.56466,0.168435719,712,12
0.015,0.059,0.005,0.015,0.873,0.026,0.005,0.003,-3.37885,142.56524,0.138278212,478,8
0.032,0.101,0.025,0.534,0.08,0.17,0.055,0.003,-3.38654,142.5723,0.14455878,705,8
0.01,0.24,0.009,0.004,0.672,0.026,0.033,0.006,-3.37885,142.56524,0.138278212,478,8
0.011,0.649,0.024,0.004,0.105,0.195,0.01,0.003,-3.38654,142.5723,0.14455878,705,8
0.001,0.001,0.001,0.995,0.001,0.001,0.001,0.001,-3.37885,142.56524,0.138278212,478,8
0.012,0.22,0.005,0.521,0.039,0.191,0.009,0.004,-3.3911,142.5737,0.148802569,572,8
0.004,0.041,0.004,0.005,0.007,0.927,0.008,0.005,-3.38654,142.5723,0.14455878,705,8
0.001,0.001,0.001,0.995,0.001,0.001,0.001,0.001,-3.38654,142.5723,0.14455878,705,8
0.001,0.001,0.001,0.995,0.001,0.001,0.001,0.001,-3.38654,142.5723,0.14455878,705,8
0.001,0.001,0.001,0.994,0.001,0.001,0.001,0.001,-3.633911,142.5737,0.37698533,226,12
0.02,0.329,0.008,0.035,0.217,0.366,0.02,0.005,-3.38654,142.5723,0.14455878,705,8
0.02,0.631,0.015,0.003,0.117,0.171,0.03,0.014,-3.39499,142.57804,0.150618861,604,8
0.008,0.076,0.013,0.01,0.013,0.852,0.023,0.005,-3.40941,142.56466,0.168435719,712,12
0.014,0.458,0.044,0.019,0.053,0.307,0.104,0.002,-3.4203,142.5465,0.182558311,858,8
0.031,0.059,0.008,0.007,0.78,0.074,0.008,0.032,-3.39499,142.57804,0.150618861,604,8
0.007,0.019,0.008,0.002,0.904,0.052,0.006,0.002,-3.39499,142.57804,0.150618861,604,8
0.004,0.043,0.004,0.006,0.007,0.924,0.006,0.006,-3.37885,142.56524,0.138278212,478,8
0.004,0.024,0.004,0.005,0.009,0.944,0.007,0.003,-3.37885,142.56524,0.138278212,478,8
0.001,0.001,0.001,0.995,0.001,0.001,0.001,0.001,-3.38654,142.5723,0.14455878,705,8
0.01,0.045,0.008,0.044,0.014,0.856,0.016,0.008,-3.42522,142.55756,0.185271937,523,12
0.016,0.016,0.008,0.007,0.909,0.02,0.009,0.013,-3.42522,142.55756,0.185271937,523,12
0.023,0.016,0.011,0.005,0.904,0.021,0.007,0.014,-3.42522,142.55756,0.185271937,523,12
0.043,0.066,0.044,0.672,0.09,0.032,0.046,0.007,-3.37885,142.56524,0.138278212,478,8
0.014,0.496,0.026,0.001,0.055,0.397,0.007,0.004,-3.42522,142.55756,0.185271937,523,12
0.016,0.327,0.029,0.067,0.167,0.372,0.016,0.006,-3.4203,142.5465,0.182558311,858,8
0.004,0.613,0.024,0.005,0.168,0.173,0.009,0.004,-3.4203,142.5465,0.182558311,858,8
0.019,0.145,0.015,0.008,0.714,0.065,0.029,0.006,-3.3911,142.5737,0.148802569,572,8
0.001,0.001,0.001,0.995,0.001,0.001,0.001,0.001,-3.37885,142.56524,0.138278212,478,8
0.001,0.001,0.001,0.995,0.001,0.001,0.001,0.001,-3.37885,142.56524,0.138278212,478,8
0.001,0.001,0.001,0.995,0.001,0.001,0.001,0.001,-3.37885,142.56524,0.138278212,478,8